{"cameraMode":{"drawMode":0,"name":"Shaded","section":"Shading Mode"},"sceneLighting":false,"audioPlay":false,"sceneViewState":{"m_AlwaysRefresh":false,"showFog":false,"showSkybox":false,"showFlares":false,"showImageEffects":false,"showParticleSystems":false,"showVisualEffectGraphs":true,"m_FxEnabled":true},"in2DMode":false,"pivot":{"x":0.14157263934612275,"y":1.2525677680969239,"z":-0.9368095397949219},"rotation":{"x":-0.0016832049004733563,"y":-0.9991734623908997,"z":0.022766344249248506,"w":-0.040177058428525928},"size":1.3813351392745972,"orthographic":false}